,0
تهران،تهران،میدان امام حسین,23022
تهران،تهران،قیام,17925
تهران،تهران،رودکی,8272
اصفهان،اصفهان،سایر مناطق (خارج شهر),8073
تهران،تهران،آزادی,6064
تهران،تهران،چیتگر,5595
تهران،تهران،پیروزی,5113
تهران،تهران،شریعتی,4759
تهران،تهران،میدان انقلاب,4186
تهران،تهران،بزرگراه نواب صفوی,3857
تهران،تهران،اسلام شهر,3702
تهران،تهران،دروازه شمیران,3562
تهران،تهران،تهرانپارس (منطقه ۴),3367
تهران،تهران،افسریه,3170
تهران،تهران،شهرری,3108
تهران،تهران،شهریار,3000
تهران،تهران،رباطکریم,2800
تهران،تهران،قلعه حسن خان,2799
تهران،تهران،نصرت,2711
تهران،تهران،سبلان,2536
تهران،تهران،تهران_آزادی,2339
تهران،تهران،آزادگان,2321
تهران،تهران،نسیم شهر,2258
تهران،تهران،نازی آباد,2153
تهران،تهران،17 شهریور,2080
تهران،تهران،ورامین,2078
تهران،تهران،سیدخندان,2016
تهران،تهران،یافت آباد,1984
اصفهان،اصفهان،زینبیه,1955
تهران،تهران،بهار,1943
تهران،تهران،سعادت آباد,1900
البرز،کرج،آزادگان(کرج),1831
تهران،تهران،نظام آباد,1743
تهران،تهران،میدان ولیعصر,1737
تهران،تهران،ونک,1492
تهران،تهران،خاوران,1447
البرز،کرج،حصارک(کرج),1431
تهران،تهران،شهرک ولیعصر,1348
خراسان رضوی،مشهد،مشهد,1319
تهران،تهران،آذربایجان,1316
تهران،تهران،فلاح,1274
البرز،کرج،فردیس(کرج),1225
تهران،تهران،شهرک غرب,1178
تهران،تهران،ستارخان,1150
تهران،تهران،میدان خراسان,1129
تهران،تهران،میدان شهدا,1127
خراسان رضوی،مشهد،بلوار‌توس,1126
تهران،تهران،کارون,1094
تهران،تهران،13 آبان,1084
فارس،شیراز،میانرود,1046
تهران،تهران،آیت الله سعیدی,998
البرز،کرج،گوهردشت(کرج),997
تهران،تهران،جمهوری,992
تهران،تهران،هلال احمر,983
تهران،تهران،خیابان وحدت اسلامی,964
تهران،تهران،تهرانپارس (منطقه 8),956
البرز،کرج،مهرشهر(کرج),953
تهران،تهران،شمیران نو,896
تهران،تهران،نارمک,891
فارس،شیراز،شهرک بزین,870
تهران،تهران،رسالت,857
خراسان رضوی،مشهد،طبرسی,853
تهران،تهران،شهر جدید اندیشه,849
البرز،کرج،گلشهر(کرج),849
تهران،تهران،جنت آباد,819
تهران،تهران،شهرک اکباتان,752
تهران،تهران،خانی آباد,738
تهران،تهران،تجریش,730
تهران،تهران،امامزاده قاسم,729
البرز،کرج،کرج - کرج,729
تهران،تهران،میدان فردوسی,702
تهران،تهران،میدان هفت تیر,669
تهران،تهران،جاده مخصوص کرج,669
تهران،تهران،مهرآباد جنوبی,666
تهران،تهران،پرند,653
تهران،تهران،آریا شهر,631
البرز،کرج،مشکین دشت(کرج),629
کرمان،کرمان،بلوار هوانیروز,625
تهران،تهران،ملارد,614
تهران،تهران،خلیج فارس,611
تهران،تهران،خیابان قزوین,601
قم،قم،کیوانفر,599
البرز،کرج،باغستان(کرج),593
تهران،تهران،شکوفه,583
تهران،تهران،خیابان دماوند,583
تهران،تهران،جیحون,581
تهران،تهران،قیطریه,580
اصفهان،اصفهان،جی,563
خراسان رضوی،مشهد،مصلی,559
تهران،تهران،بریانک,556
البرز،کرج،محمد شهر(کرج),556
تهران،تهران،بزرگراه رسالت,554
تهران،تهران،نعمت آباد,547
تهران،تهران،میدان راه آهن,541
تهران،تهران،وحیدیه,539
البرز،کرج،بلوار شهرداری(کرج),539
تهران،تهران،خیام,538
تهران،تهران،حصارک(کرج),536
خراسان رضوی،مشهد،قاسم‌أباد (شهرک غرب),535
البرز،کرج،ماهدشت(کرج),515
اصفهان،اصفهان،آتشگاه,512
تهران،تهران،شهرک شریعتی,509
تهران،تهران،نیروی هوایی,503
تهران،تهران،ولیعصر,500
تهران،تهران،بزرگراه شهید خرازی,493
تهران،تهران،گیشا,478
تهران،تهران،مجیدیه شمالی,476
تهران،تهران،باغ فیض,470
فارس،شیراز،بلوار رحمت,467
تهران،تهران،شوش,465
تهران،تهران،آیت الله کاشانی,458
اصفهان،اصفهان،بهارستان (حومه),457
تهران،تهران،پونک,454
تهران،تهران،پاسداران,454
البرز،کرج،کمالشهر(کرج),449
تهران،تهران،جوادیه,448
البرز،کرج،جهانشهر(کرج),447
تهران،تهران،جردن  -  ولیعصر,440
تهران،تهران،هفت تیر,439
البرز،کرج،شهر جدید اندیشه(کرج),417
تهران،تهران،خزانه,417
خراسان رضوی،مشهد،مطهری شمالی,417
تهران،تهران،شهید مدنی,413
تهران،تهران،بلوار پروین,412
تهران،تهران،یوسف آباد,409
تهران،تهران،کمیل,407
البرز،کرج،شهرک اندیشه فاز 2(کرج),404
تهران،تهران،ابوذر,403
خراسان رضوی،مشهد،عبادی,400
کرمان،کرمان،خیابان شهید مصطفی خمینی,398
کرمان،کرمان،بلوار 24 آذر,393
اصفهان،اصفهان،پروین,391
تهران،تهران،ولنجک,387
آذربایجان شرقی،تبریز،آخونی,382
تهران،تهران،میدان رسالت,379
فارس،شیراز،سعدی,379
اصفهان،اصفهان،چهار باغ بالا,378
تهران،تهران،شهید رجایی,378
تهران،تهران،بهارستان,374
فارس،شیراز،نصر,370
تهران،تهران،مینی سیتی,369
تهران،تهران،راه آهن,368
اصفهان،اصفهان،بلوار کشاورز,368
تهران،تهران،پردیس,367
تهران،تهران،میرداماد,361
خوزستان،اهواز،پردیس 1,359
فارس،شیراز،ستاد,356
تهران،تهران،نیاوران,355
اصفهان،اصفهان،ملک شهر,354
تهران،تهران،مهرشهر(کرج),345
یزد،یزد،امام علی,343
تهران،تهران،خواجه نظام الملک,338
آذربایجان شرقی،تبریز،فتح آباد,332
البرز،کرج،ملارد(کرج),330
اصفهان،اصفهان،بیست و چهار متری,324
تهران،تهران،دامپزشکی,323
البرز،کرج،اسلام آباد(کرج),318
خراسان رضوی،مشهد،میدان شهدا,318
تهران،تهران،فرجام,315
فارس،شیراز،کوی زهرا,314
تهران،تهران،ملارد(کرج),312
کرمان،کرمان،شهرک الغدیر,312
تهران،تهران،اتابک,309
آذربایجان شرقی،تبریز،شهرک راه آهن,309
اصفهان،اصفهان،کهندژ,305
تهران،تهران،منیریه,303
خراسان رضوی،مشهد،شهرک‌ شهید رجایی,303
قم،قم،توحید,298
اصفهان،اصفهان،کاوه,296
آذربایجان شرقی،تبریز،گاگشت,296
تهران،تهران،امامزاده حسن,292
تهران،تهران،کارگر شمالی,289
اصفهان،اصفهان،سایر مناطق (داخل شهر),283
تهران،تهران،اتوبان محلاتی,278
آذربایجان شرقی،تبریز،حجتی غربی,277
خراسان رضوی،سبزوار،پرستش,274
تهران،تهران،دروازه دولت,272
تهران،تهران،تهران نو,269
تهران،تهران،بزرگراه یادگار امام جنوب,262
البرز،کرج،سایر- کرج,261
البرز،کرج،طالقانی(کرج),260
تهران،تهران،تهرانسر,259
تهران،تهران،هاشمی,256
گیلان،رشت،جانبازان,254
البرز،کرج،کیانمهر(کرج),253
اصفهان،اصفهان،امام خمینی,250
گیلان،رشت،سبزه میدان,250
تهران،تهران،شاد آباد,248
تهران،تهران،مشیریه,247
تهران،تهران،نامجو,244
اصفهان،اصفهان،برازنده,242
آذربایجان شرقی،تبریز،عباسی,241
تهران،تهران،میدان حر,239
تهران،تهران،امیریه,237
تهران،تهران،ابوذر (منطقه 15),237
اصفهان،اصفهان،خوراسگان,234
تهران،تهران،جوانمرد قصاب,233
تهران،تهران،اختیاریه,230
قم،قم،پردیسان,227
البرز،کرج،کلاک(کرج),224
تهران،تهران،کیانشهر,224
تهران،تهران،شمشیری,224
تهران،تهران،فاطمی,223
تهران،تهران،میدان سپاه,223
آذربایجان شرقی،تبریز،یکه دکان,215
تهران،تهران،امام علی,214
تهران،تهران،حکیمیه,213
کردستان،سنندج،ملارد(کرج),213
تهران،تهران،سرآسیاب مهرآباد,212
البرز،کرج،مارلیک(کرج),212
تهران،تهران،استاد معین,211
خراسان رضوی،مشهد،هدایت,211
تهران،تهران،دهکده المپیک,210
کرمان،کرمان،شهاب,209
کردستان،سنندج،شهرک مولوی,207
تهران،تهران،عباس آباد  -  اندیشه,207
اصفهان،اصفهان،قائمیه,204
تهران،تهران،اتوبان تهران کرج,204
تهران،تهران،باغ خزانه,204
تهران،تهران،جاده قدیم کرج,203
تهران،تهران،شهرک محلاتی,197
تهران،تهران،شهرک راه آهن,194
تهران،تهران،محمد شهر(کرج),193
تهران،تهران،چهاردانگه,190
تهران،تهران،اجاره دار,189
آذربایجان شرقی،تبریز،ائل گلی,183
تهران،تهران،زمزم,182
آذربایجان شرقی،تبریز،رسالت غربی,182
فارس،شیراز،فرصت شیرازی,182
خوزستان،اهواز،آخر آسفالت,178
تهران،تهران،دولت,175
خراسان رضوی،مشهد،قیام,174
تهران،تهران،مرزداران,173
اصفهان،اصفهان،رباط,169
تهران،تهران،شهرک ژاندارمری,169
خوزستان،اهواز،زیتون کارمندی,169
خراسان رضوی،مشهد،سجاد,169
تهران،تهران،خیابان بهشتی,168
فارس،شیراز،صدرا فاز یک,167
تهران،تهران،سایر مناطق (خارج شهر),165
تهران،تهران،هنگام,165
خراسان رضوی،مشهد،سرافرازان,164
تهران،تهران،صادقیه,163
تهران،تهران،فلسطین  -  انقلاب,162
خراسان رضوی،مشهد،۱۷ شهریور,161
تهران،تهران،بازار,160
تهران،تهران،هروی,160
اصفهان،اصفهان،عباس‌آباد,160
یزد،یزد،میدان امام حسین,159
اصفهان،اصفهان،شاهین شهر,158
آذربایجان شرقی،تبریز،ثقه الاسلام,158
تهران،تهران،تولید دارو,157
تهران،تهران،چمران,157
تهران،تهران،سازمان برنامه,157
اصفهان،اصفهان،چمران,157
تهران،تهران،دربند,156
فارس،شیراز،بلوار مدرس,155
تهران،تهران،کیانمهر(کرج),153
گیلان،رشت،جاده فومن,152
اصفهان،اصفهان،طوقچی  ( میدان قدس),152
خراسان رضوی،مشهد،نماز,152
همدان،همدان،دره مرادبیگ,151
اصفهان،اصفهان،چهارباغ پایین,150
تهران،تهران،میدان قدس,150
خراسان رضوی،مشهد،ابوطالب,149
فارس،شیراز،فخرآباد,149
البرز،کرج،شاهین ویلا(کرج),149
فارس،شیراز،شهرک صنعتی,147
تهران،تهران،صفا,147
تهران،تهران،رودهن,144
کرمان،کرمان،استقلال,142
قم،قم،امامزاده ابراهیم,141
فارس،شیراز،شهرک مطهری,133
تهران،تهران،شهر قدس(کرج),133
خراسان رضوی،مشهد،طلاب,132
تهران،تهران،دزاشیب  -  جوزستان,131
آذربایجان شرقی،تبریز،گلشهر,130
تهران،تهران،ظفر,130
تهران،تهران،لشکر,130
البرز،کرج،شاه عباسی(کرج),129
فارس،شیراز،فلکه گاز (آزادی),128
آذربایجان شرقی،تبریز،ارم,127
تهران،تهران،گلبرگ غربی,126
تهران،تهران،فداییان اسلام,125
تهران،تهران،تهران,125
خراسان رضوی،مشهد،رسالت,124
گیلان،رشت،خ لاهیجان,124
تهران،تهران،سهروردی,124
البرز،کرج،مصباح(کرج),123
تهران،تهران،استاد حسن بنا,122
تهران،تهران،فدک,121
تهران،تهران،تهرانپارس,120
کرمان،کرمان،بزرگراه هاشمی رفسنجانی,120
اصفهان،اصفهان،نصرآباد ( اتشگاه),119
تهران،تهران،منظریه(کرج),119
تهران،تهران،طبرستان,118
تهران،تهران،تختی,118
البرز،کرج،درختی(کرج),117
تهران،تهران،کرمان,117
اصفهان،اصفهان،عبد الرزاق,116
کردستان،سنندج،بهاران 19/2,116
خراسان رضوی،مشهد،هروی,116
اصفهان،اصفهان،آبشار,115
تهران،تهران،بهشت زهرا,115
فارس،شیراز،بلوار فضیلت,113
آذربایجان شرقی،تبریز،میدان آذربایجان,113
خراسان رضوی،مشهد،امامت,112
گیلان،رشت،فلکه گاز,108
کرمان،کرمان،با قدرت,108
خراسان رضوی،مشهد،امام خمینی,107
تهران،تهران،پرستار,106
تهران،تهران،الهیه,105
اصفهان،اصفهان،هشت‌بهشت,104
آذربایجان شرقی،تبریز،سیلاب,104
تهران،تهران،شهرک اوج(کرج),102
خراسان رضوی،مشهد،امام خمینی,102
خوزستان،اهواز،باغ معین,102
آذربایجان شرقی،تبریز،اندیشه,102
فارس،شیراز،زند,101
تهران،تهران،فرشته,101
تهران،تهران،سایر- کرج,101
خوزستان،اهواز،نبوت,101
تهران،تهران،شیخ بهایی,100
آذربایجان شرقی،تبریز،سرآسیاب مهرآباد,99
کردستان،سنندج،فرجه,97
خراسان رضوی،مشهد،طرق,96
اصفهان،اصفهان،سپاهان شهر,95
همدان،همدان،شهرک شهید آیت الله مدنی,95
تهران،تهران،کن,94
تهران،تهران،کرج - کرج,93
تهران،تهران،دولت اباد,93
فارس،شیراز،پایگاه هوایی,93
تهران،تهران،بلوار فردوس,92
فارس،شیراز،سایر مناطق (داخل شهر),91
تهران،تهران،سعدی,90
خراسان رضوی،مشهد،بهارستان,90
البرز،کرج،جنت آباد,88
آذربایجان شرقی،تبریز،آبرسان,87
آذربایجان شرقی،تبریز،حیدرآباد,87
قم،قم،جمهوری,86
آذربایجان شرقی،تبریز،یاغچیان,85
تهران،تهران،امیرآباد,85
اصفهان،اصفهان،خمینی‌شهر,85
کرمان،کرمان،محله سرآسیاب,84
تهران،تهران،آجودانیه,83
تهران،تهران،گاندی,82
تهران،تهران،آگاهی,82
آذربایجان شرقی،تبریز،شریعتی جنوبی,81
قم،قم،انقلاب (چهارمردان),81
فارس،شیراز،بلوار عدالت,80
البرز،کرج،هشتگرد,80
تهران،تهران،شهریار(کرج),80
البرز،کرج،شهر جدید هشتگرد,79
تهران،تهران،قصر,79
تهران،تهران،زعفرانیه,78
تهران،تهران،خیابان کارگر جنوبی,78
تهران،تهران،جی – شبیری,77
تهران،تهران،شهران,77
البرز،کرج،حصار(کرج),76
فارس،شیراز،نواب صفوی,76
اصفهان،اصفهان،فولادشهر,76
تهران،تهران،ایرانشهر,75
کرمانشاه،کرمانشاه،حافظیه,75
تهران،تهران،اشرفی اصفهانی,75
تهران،تهران،فردیس(کرج),75
تهران،تهران،جردن,74
فارس،شیراز،دروازه کازرون,74
تهران،تهران،طرشت,74
خراسان رضوی،مشهد،فرامرز عباسی,73
تهران،تهران،همت غرب,72
آذربایجان شرقی،تبریز،تله کابین عون ابن علی,72
تهران،تهران،مطهری (منطقه ۷),72
آذربایجان شرقی،تبریز،ابوریحان,72
خراسان رضوی،مشهد،شهید بهشتی,71
همدان،همدان،کوی اندیشه,70
البرز،کرج،شهرک غرب,70
اصفهان،اصفهان،خواجو,70
اصفهان،اصفهان،شاهین‌شهر (حومه),70
آذربایجان شرقی،تبریز،ایستگاه راه آهن,70
فارس،شیراز،بنی هاشم,69
آذربایجان شرقی،تبریز،خیام,68
تهران،تهران،آیت الله غفاری,67
تهران،تهران،کامرانیه,67
تهران،تهران،هشتگرد,66
آذربایجان شرقی،تبریز،باغمیشه,66
آذربایجان شرقی،تبریز،حکم آباد,66
فارس،شیراز،شهرک گلستان,66
تهران،تهران،جماران,65
تهران،تهران،تسلیحات,65
اصفهان،اصفهان،حکیم نظامی,64
خراسان رضوی،مشهد،کوهسنگی,63
تهران،تهران،فرحزاد,63
یزد،یزد،آیت الله کاشانی,63
همدان،همدان،چهار باغ شهید مدنی,63
البرز،کرج،دهقان ویلا(کرج),62
خوزستان،اهواز،کوی فرهنگیان,61
آذربایجان شرقی،تبریز،امامیه,61
تهران،تهران،اتوبان بابایی,60
فارس،شیراز،شهرک فرهنگیان,60
آذربایجان شرقی،تبریز،منبع آب,60
گیلان،رشت،ضیابری,60
تهران،تهران،خواجه نصیر  -  حقوقی,60
آذربایجان شرقی،تبریز،بزرگراه آزادی,59
کردستان،سنندج،شهدا (فرح),59
تهران،تهران،سربداران,59
خراسان رضوی،مشهد،پیروزی,59
تهران،تهران،جمالزاده,58
البرز،کرج،ساسانی(کرج),58
آذربایجان شرقی،تبریز،توانیر شمالی,58
تهران،تهران،هفده شهریور,57
تهران،تهران،ارامنه,57
کرمان،کرمان،بزرگراه امام خمینی,57
اصفهان،اصفهان،مرداویج ( بین میدان ازادی و فرایبورگ),56
تهران،تهران،شاه عباسی(کرج),56
تهران،تهران،وکیل آباد,55
تهران،تهران،خیابان حافظ,55
اصفهان،اصفهان،ارتش,55
خراسان رضوی،مشهد،سناباد,54
کرمان،کرمان،رسالت,54
تهران،تهران،لویزان  -  شیان,53
آذربایجان شرقی،تبریز،نصف راه,53
اصفهان،اصفهان،میر,53
اصفهان،اصفهان،فروغی,52
تهران،تهران،آخر آسفالت,52
تهران،تهران،میدان امام خمینی,52
تهران،تهران،میدان المپیک,51
البرز،کرج،شهریار(کرج),51
البرز،کرج،کوی کارمندان شمالی(کرج),51
گیلان،رشت،گلسار,51
کردستان،سنندج،بهاران 4/19,51
کرمان،کرمان،خیابان شهید رجائی,51
تهران،تهران،سایر,50
لرستان،خرم آباد،کوی انقلاب (منطقه3),50
آذربایجان شرقی،تبریز،کوی فرهنگیان,50
فارس،شیراز،هفت تنان,50
خوزستان،اهواز،کیانپارس غربی,50
تهران،تهران،قلهک,49
البرز،کرج،ملارد,48
تهران،تهران،کاشانک,48
خراسان رضوی،سبزوار،شاهد,48
خراسان رضوی،مشهد،وکیل آباد,48
اصفهان،اصفهان،بزرگمهر,48
خراسان رضوی،مشهد،خیام,48
اصفهان،اصفهان،معراج,48
آذربایجان شرقی،تبریز،کوی طالقانی,47
تهران،تهران،ملاصدرا,47
تهران،تهران،پل شهرستان,46
قم،قم،امام,46
فارس،شیراز،قصردشت,46
تهران،تهران،پروین,46
تهران،تهران،سی متری جی,46
خراسان رضوی،مشهد،گاز شرقی,45
تهران،تهران،شیوا,44
تهران،تهران،مرتضوی,43
آذربایجان شرقی،تبریز،قراملک,43
آذربایجان شرقی،تبریز،کوثر,43
فارس،شیراز،معالی آباد,43
البرز،کرج،کامیون داران(کرج),43
خوزستان،اهواز،رسالت غرب,43
فارس،شیراز،تاچارا,43
اصفهان،اصفهان،خانه اصفهان,42
گیلان،رشت،جاده انزلی,42
کرمان،کرمان،بلوار کوثر,42
فارس،شیراز،دوکوهک,41
آذربایجان شرقی،تبریز،کوچه باغ,41
خراسان رضوی،سبزوار،توحید,41
البرز،کرج،شهرک اندیشه فاز 1(کرج),41
اصفهان،اصفهان،باغ شیخ,40
کردستان،سنندج،خیابان انقلاب,40
تهران،تهران،قنات کوثر,40
گیلان،رشت،خ چمران,40
البرز،کرج،دانشکده(کرج),40
اصفهان،اصفهان،بلوار شفق,39
کرمان،کرمان،شهرک شهید مطهری,39
اصفهان،اصفهان،رهنان,39
گیلان،رشت،استقامت,39
تهران،تهران،حسن آباد(کرج),39
کرمان،کرمان،شهرک بداغ آباد,39
تهران،تهران،فرمانیه,38
فارس،شیراز،محراب,38
فارس،شیراز،باهنر جنوبی,38
البرز،کرج،میدان ولیعصر,38
البرز،کرج،شهرک وحدت(کرج),38
تهران،تهران،وردآورد,37
کردستان،سنندج،حاجی‌آباد,37
تهران،تهران،فولادشهر,37
لرستان،خرم آباد،پشته حسین آباد (منطقه8),37
تهران،تهران،توانیر,37
تهران،تهران،دانشگاه تهران,37
تهران،تهران،بلوار تعاون,37
کردستان،سنندج،کانی کوزله,36
خراسان رضوی،مشهد،میدان خراسان,36
تهران،تهران،هفت حوض,36
گیلان،رشت،میدان انقلاب,36
تهران،تهران،علم و صنعت,36
خوزستان،اهواز،شهرک دانشگاه,35
البرز،کرج،امامزاده ابراهیم,35
اصفهان،اصفهان،اشکاوند,34
قم،قم،آزادگان,34
تهران،تهران،اتوبان همت,34
آذربایجان شرقی،تبریز،مارالان جنوبی,34
همدان،همدان،خیابان جهاد,33
البرز،کرج،بهشتی(کرج),33
تهران،تهران،مطهری (منطقه ۱۵),33
فارس،شیراز،اطلسی,33
آذربایجان شرقی،تبریز،آخر مارالان,33
فارس،شیراز،میدان ولیعصر,33
تهران،تهران،ماهدشت(کرج),33
تهران،تهران،سرحد آباد(کرج),32
خراسان رضوی،مشهد،بلوار ارتش شرق,31
خوزستان،اهواز،حصیرآباد,30
گیلان،رشت،بیستون,29
کرمان،کرمان،بلوارحمزه,29
همدان،همدان،چهار باغ شهید بهشتی,29
کرمان،کرمان،بلوار جهاد,29
فارس،شیراز،جیحون,29
خراسان رضوی،مشهد،کوی مهدی,29
فارس،شیراز،دینکان,29
فارس،شیراز،ادبیات,29
البرز،کرج،صادقیه,29
خوزستان،اهواز،پردیس 3,28
البرز،کرج،شهر قدس(کرج),28
اصفهان،اصفهان،کاشانی,28
گیلان،رشت،اسلام شهر,28
تهران،تهران،خیابان سپاه,27
اصفهان،اصفهان،اشراق,27
فارس،شیراز،پل فسا,27
کرمان،کرمان،خیابان حکیم,27
تهران،تهران،شمس آباد  -  مجیدیه,27
فارس،شیراز،میدان انقلاب,27
خوزستان،اهواز،شهرک پیام,26
سیستان و بلوچستان،زاهدان،البرز,26
آذربایجان شرقی،تبریز،رواسان,26
خراسان رضوی،مشهد،عبدالمطلب,26
آذربایجان شرقی،تبریز،خطیب,26
خراسان رضوی،مشهد،بلوار ایرج میرزا,26
قم،قم،آذر,25
فارس،شیراز،ارتش,25
تهران،تهران،درختی(کرج),24
تهران،تهران،ابوذر (منطقه 17),24
آذربایجان شرقی،تبریز،آزادی,24
خوزستان،اهواز،منازل سازمانی منبع آب,24
خوزستان،اهواز،باهنر,24
تهران،تهران،کوثر,24
تهران،تهران،محمودیه,24
خراسان رضوی،مشهد،میدان امام حسین,23
کرمانشاه،کرمانشاه،شریعتی,23
کرمانشاه،کرمانشاه،الهیه,23
خراسان رضوی،مشهد،میدان عدل خمینی,23
گیلان،رشت،چمارسرا,23
تهران،تهران،خیابان امام رضا,23
اصفهان،اصفهان،دولت‌آباد,23
لرستان،خرم آباد،پشته جزایری,22
تهران،تهران،دره گرم (منطقه9),22
تهران،تهران،دولاب,22
خراسان رضوی،مشهد،راهنمایی,21
بوشهر،بوشهر،باغ زهرا,21
قم،قم،زنبیل آباد (شهید صدوقی),21
فارس،شیراز،عفیف آباد,21
اصفهان،اصفهان،عاشق آباد,21
اصفهان،اصفهان،شیخ صدوق,21
فارس،شیراز،شهرک سامان,21
قم،قم،بنیاد,21
تهران،تهران،درکه,21
فارس،شیراز،میدان امام حسین,21
تهران،تهران،ستاری,21
البرز،کرج،اکبر آباد(کرج),21
لرستان،خرم آباد،دره گرم (منطقه9),21
کردستان،سنندج،چهار باغ,21
تهران،تهران،خرمشهر,20
خوزستان،اهواز،کارون,20
تهران،تهران،شهرک آزادی,20
البرز،کرج،بهاران 17/1,20
تهران،تهران،حشمتیه,20
تهران،تهران،زویه1(کوروش),20
البرز،کرج،فرحزاد,19
قزوین،قزوین،عدل,19
گیلان،رشت،یخسازی,19
البرز،کرج،مهرویلا(کرج),19
آذربایجان شرقی،تبریز،لاله غربی,19
تهران،تهران،جمالزاده  -  حشمت الدوله,19
لرستان،خرم آباد،پارک صخره‌ای,19
تهران،تهران،شاهین (منطقه 14 ),19
لرستان،خرم آباد،قاضی آباد (منطقه7),19
کرمانشاه،کرمانشاه،رشیدی,19
آذربایجان شرقی،تبریز،مرزداران,19
خوزستان،اهواز،کمپلو جنوبی,19
خوزستان،اهواز،شلنگ آباد(کوی علوی),19
تهران،تهران،مجیدیه جنوبی,18
خراسان رضوی،مشهد،اندیشه,18
تهران،تهران،بزرگراه ارتش,18
فارس،شیراز،امیرکبیر,18
آذربایجان شرقی،تبریز،هتل مرمر,18
کرمان،کرمان،جاده تهران ( شهید آیت اله صدوقی),18
لرستان،خرم آباد،میدان تیر (منطقه10),18
فارس،شیراز،تحویلی,18
فارس،شیراز،ولیعصر,18
خوزستان،اهواز،ملاشیه,18
مرکزی،اراک،کرهرود,18
آذربایجان شرقی،تبریز،شمس تبریزی,17
تهران،تهران،دردشت,17
اصفهان،اصفهان،لنبان,17
تهران،تهران،پیامبر مرکزی,17
تهران،تهران،زینبیه,17
گیلان،رشت،قلی پور,17
کرمان،کرمان،خورشید,17
کرمانشاه،کرمانشاه،سرچشمه,17
تهران،تهران،فردوسی,17
قم،قم،حرم,17
البرز،کرج،میدان اقبال,17
تهران،تهران،عباس آباد,17
یزد،یزد،بهاران,16
لرستان،خرم آباد،شهرک قدس,16
اصفهان،اصفهان،سه‌راه سیمین,16
آذربایجان شرقی،تبریز،بارنج,16
آذربایجان شرقی،تبریز،گلکار,16
اصفهان،اصفهان،بزرگراه نواب صفوی,16
کردستان،سنندج،اکباتان,16
لرستان،خرم آباد،مطهری (منطقه1),15
همدان،همدان،میدان رسالت,15
فارس،شیراز،بلوار تخت جمشید,15
لرستان،خرم آباد،تلوری,15
تهران،تهران،هفت چنار,15
لرستان،خرم آباد،کوی فلسطین (منطقه7),15
خوزستان،اهواز،کیانشهر,15
اصفهان،اصفهان،لاله,14
تهران،تهران،شهرزیبا,14
تهران،تهران،تهران ویلا,14
البرز،کرج،فرگاز(کرج),14
فارس،شیراز،گلدشت معالی آباد,14
مازندران،آمل،شیخ فضل الله نوری,13
تهران،تهران،کلاک(کرج),13
فارس،شیراز،کلبه,13
آذربایجان شرقی،تبریز،استادان,13
تهران،تهران،پل چوبی,13
فارس،شیراز،تلخ داش,13
تهران،تهران،اتوبان صدر,13
مرکزی،اراک،خانه سازی,12
خوزستان،اهواز،عامری,12
خوزستان،اهواز،خروسیه,12
فارس،شیراز،استقلال,12
اصفهان،اصفهان،درچه,12
خراسان رضوی،مشهد،جانباز,12
کردستان،سنندج،شهرک پردیس,12
سیستان و بلوچستان،زاهدان،بلوار دانشجو,12
سیستان و بلوچستان،زاهدان،مصطفی خمینی شرقی,11
تهران،تهران،خیابان مرتضوی,11
ایلام،ایلام،بانبرز,11
تهران،تهران،خیابان امام خمینی,11
آذربایجان شرقی،تبریز،بیلانکوه,11
البرز،کرج،سرحد آباد(کرج),11
تهران،تهران،ابوذر (منطقه 14),11
مرکزی،اراک،شهرک نبئی,11
تهران،تهران،گلشهر(کرج),11
اصفهان،اصفهان،دروازه تهران,11
اصفهان،اصفهان،تخت فولاد,11
اصفهان،اصفهان،خیابان معراج,11
تهران،تهران،مشکین دشت(کرج),11
البرز،کرج،جهان نما(کرج),11
کرمان،کرمان،شیخ احمد کافی,11
اصفهان،اصفهان،جابرانصاری,10
خراسان رضوی،سبزوار،سربداران,10
تهران،تهران،گوهردشت(کرج),10
قم،قم،انسجام,10
گیلان،رشت،حمیدیان,10
اصفهان،اصفهان،باغ دریاچه,10
تهران،تهران،مسکن مهر(دره گرم),10
البرز،کرج،عظیمیه(کرج),10
اصفهان،اصفهان،احمدآباد,10
مازندران،آمل،امام خمینی,10
کرمان،کرمان،خیابان ابوذر,10
تهران،تهران،شهرک صنعتی شماره 2 (ایبک آباد),10
قزوین،قزوین،سبزه میدان,10
کردستان،سنندج،کمربندی,9
سمنان،سمنان،کارگر,9
البرز،کرج،حسین آباد(کرج),9
فارس،شیراز،ملاصدرا,9
اصفهان،اصفهان،ابن سینا,9
تهران،تهران،شهرک الهیه غرب,9
خوزستان،اهواز،سی متری,9
کردستان،سنندج،شهرک سعدی ضلع غربی,9
سیستان و بلوچستان،زاهدان،فرهاد,9
فارس،شیراز،شهرک رکن آباد,9
کرمانشاه،کرمانشاه،باغ ابریشم,8
همدان،همدان،30 متری الغدیر,8
بوشهر،بوشهر،بهمنی,8
البرز،کرج،ونک,8
سمنان،سمنان،شورا,8
مازندران،ساری،بلوار امام رضا,8
تهران،تهران،بزرگراه جلال آل احمد,8
خوزستان،اهواز،سیاحی,8
یزد،یزد،امام شهر -  ولی عصر,8
لرستان،خرم آباد،شمشیرآباد (منطقه7),7
کرمان،کرمان،پارک مطهری,7
سیستان و بلوچستان،زاهدان،بلوار معلم,7
مرکزی،اراک،شهرک الغدیر,7
آذربایجان شرقی،تبریز،فردوس,7
خراسان رضوی،مشهد،پردیسان,7
کرمانشاه،کرمانشاه،شهرک امام خمینی,7
تهران،تهران،سئول,7
اصفهان،اصفهان،مسجد سیّد,7
فارس،شیراز،نمازی,7
گیلان،رشت،پیربازار,7
همدان،همدان،میدان شاهد,7
آذربایجان شرقی،تبریز،ولیعصر جنوبی,7
گیلان،رشت،پیرکلاچاه,7
لرستان،خرم آباد،کرگانه,6
کرمانشاه،کرمانشاه،آناهیتا,6
قم،قم،باجک (19 دی),6
همدان،همدان،کوی استادان,6
یزد،یزد،دشتی  -  ارتش,6
آذربایجان شرقی،تبریز،قبرستان مارالان,6
آذربایجان غربی،ارومیه،ریحان اباد,6
مازندران،سلمانشهر (متل قو)،متل قو,6
خراسان رضوی،مشهد،بلوار فردوسی,6
مرکزی،اراک،کشتارگاه,6
یزد،یزد،شاهدیه,6
قم،قم،هفت تیر,6
کردستان،سنندج،بهاران 1/17,6
آذربایجان شرقی،تبریز،منطقه صنعتی تبریز,6
گیلان،رشت،معلم,6
تهران،تهران،بلوار کشاورز,6
کردستان،سنندج،نایسر,5
کرمان،کرمان،خیابان هزار و یک شب,5
خراسان شمالی،بجنورد،پردیس,5
اصفهان،اصفهان،حصه,5
فارس،شیراز،جانبازان (پودنک),5
اصفهان،اصفهان،شمس آبادی,5
فارس،شیراز،بلوار دولت,5
همدان،همدان،سایر- کرج,5
کرمان،کرمان،بلوار جمهوری اسلامی,5
کردستان،سنندج،عباس‌ آباد,5
گیلان،رشت،جماران,5
تهران،تهران،حاجی‌آباد,5
البرز،کرج،کارخانه قند(کرج),5
تهران،تهران،شاهین ویلا(کرج),5
کرمانشاه،کرمانشاه،کیهانشهر,5
آذربایجان غربی،ارومیه،مدنی1,5
کرمان،کرمان،بلوار شیراز,4
تهران،تهران،حافظیه,4
کردستان،سنندج،فیض اباد,4
سمنان،سمنان،مهدیشهر,4
تهران،تهران،نواب صفوی,4
قم،قم،عماریاسر,4
خوزستان،اهواز،کوی 22 بهمن,4
مازندران،بابل،شهرک بهزاد,4
لرستان،خرم آباد،ماسور (منطقه8),4
اصفهان،اصفهان،ناژوان,4
همدان،همدان،30 متری سعیدیه,4
آذربایجان شرقی،تبریز،نیروی هوایی,4
البرز،کرج،حسن آباد(کرج),4
قزوین،قزوین،نوروزیان,4
خراسان رضوی،مشهد،رضا‌شهر,3
کردستان،سنندج،گلشن,3
کرمانشاه،کرمانشاه،جعفرآباد,3
تهران،تهران،اتوبان کردستان,3
سمنان،سمنان،درجزین,3
مرکزی،اراک،آیت الله غفاری,3
اصفهان،اصفهان،پل تمدن,3
گیلان،رشت،عینک,3
تهران،تهران،میدان اقبال,3
آذربایجان غربی،ارومیه،چهارراه شورا,3
قم،قم،بلوار 15 خرداد,3
آذربایجان شرقی،تبریز،میرداماد,3
قزوین،قزوین،مولوی,3
سیستان و بلوچستان،زاهدان،نصر,3
کردستان،سنندج،شهرک سعدی فاز 1,3
کردستان،سنندج،پاسداران (۶ بهمن),3
تهران،تهران،مارلیک(کرج),3
گیلان،رشت،آتشگاه,3
تهران،تهران،آهنگ,2
قزوین،قزوین،شهرک عارف,2
البرز،کرج،شهرک بنفشه(کرج),2
تهران،تهران،معراج,2
سمنان،سمنان،امام حسین,2
سیستان و بلوچستان،زاهدان،بلوار بعثت,2
کرمانشاه،کرمانشاه،شاطرآباد,2
فارس،شیراز،سفیرشمالی,2
فارس،شیراز،صنایع (میرزای شیرازی),2
کرمانشاه،کرمانشاه،سراب قنبر,2
خراسان رضوی،مشهد،حرم‌مطهر,2
کردستان،سنندج،شریف آباد,2
یزد،یزد،بلوار دانشجو,2
بوشهر،بوشهر،سنگی,2
تهران،تهران،ازگل,2
خوزستان،اهواز،شهرک برق,2
همدان،همدان،کوی منوچهری,2
خوزستان،اهواز،کوی سپیدار,2
اصفهان،اصفهان،سپاهان‌شهر (حومه),2
کرمانشاه،کرمانشاه،جوادیه,2
کردستان،سنندج،سیروس,2
قزوین،قزوین،ملاصدرا,2
البرز،کرج،آیت الله کاشانی,2
خراسان رضوی،مشهد،فلسطین,2
گیلان،رشت،سعدی,2
کردستان،سنندج،شهرک کشاورز,2
یزد،یزد،خاتمی,2
کرمان،کرمان،خیابان سرباز,2
آذربایجان غربی،ارومیه،سرداران2,2
اصفهان،اصفهان،مشتاق,2
قزوین،قزوین،دوراه همدان,2
آذربایجان غربی،ارومیه،شهید رجایی,2
فارس،شیراز،پاسداران,2
آذربایجان شرقی،تبریز،کوی بهشتی,1
سمنان،سمنان،شهرک مسکن مهر,1
لرستان،خرم آباد،زیبا کنار,1
همدان،همدان،شهرک الوند,1
سیستان و بلوچستان،زاهدان،بزرگمهر,1
کرمان،کرمان،بزرگراه آیت اله خامنه ای,1
خوزستان،اهواز،فاز 5 پادادشهر,1
لرستان،خرم آباد،کریم خان زند,1
سمنان،سمنان،نهضت,1
گیلان،رشت،شهید انصاری,1
گیلان،رشت،معلولین,1
قم،قم،کلهری,1
کرمان،کرمان،محله توکل آباد,1
اصفهان،اصفهان،سعادت‌آباد,1
سیستان و بلوچستان،زاهدان،بهشتی,1
آذربایجان شرقی،تبریز،کوی لاله,1
اصفهان،اصفهان،شهرک شهید کشوری,1
چهارمحال و بختیاری،شهرکرد،حافظ شمالی,1
فارس،شیراز،پارامونت,1
تهران،تهران،فردوس غرب,1
آذربایجان شرقی،تبریز،ولیعصر,1
مازندران،ساری،ساری,1
اصفهان،اصفهان،کوی ولی عصر,1
قزوین،قزوین،راه‌آهن,1
اصفهان،اصفهان،شیخ طوسی,1
همدان،همدان،خیابان میرزاده عشقی,1
گلستان،گرگان،سایر,1
سمنان،سمنان،استقلال,1
کرمانشاه،کرمانشاه،تعاون,1
آذربایجان شرقی،تبریز،شفیع زاده,1
خراسان رضوی،مشهد،سید‌رضی,1
مازندران،آمل،امام رضا,1
اصفهان،اصفهان،آزادگان,1
البرز،کرج،دروازه دولت,1
همدان،همدان،خیابان دکتر چمران,1
خوزستان،اهواز،گلستان جنوبی,1
همدان،همدان،18 متری ابوذر,1
خوزستان،اهواز،بهارستان,1
تهران،تهران،قلی پور,1
بوشهر،بوشهر،دواس,1
بوشهر،بوشهر،عاشوری,1
فارس،شیراز،والفجر,1
کردستان،سنندج،صفری,1
تهران،تهران،مالک اشتر,1
خوزستان،اهواز،گلدشت,1
بوشهر،بوشهر،بهشت صادق,1
مازندران،چالوس، نوشهر و کلارآباد،انارور (نوشهر),1
قم،قم،طرشت,1
فارس،شیراز،بلوار نصر,1
